Artist,Album
"Mary Mac Namara & Sorcha Costello","The Lady's Cup Of Tea"
"Julia Clifford & Denis Murphy","The Star Above The Garter"
"Martin Hayes","tv appearance"
"Junior Crehan","The Last House in Ballymakea"
"Music","Caroline McCaskey"
"Music","Chris Droney"
"Music","Tunes From Doolin - Charles Monod"
"Music","Sauce Picante"
"Music","John McCartin & Donal Lunny & Dylan Carlos & Cein Sweeney & George McAdam & John & Joe Kelly"
"Music","Edel Fox & Neill Byrne"
"Music","Unknown Artist"
"Music","The Press Gang"
"Music","The Elftones"
"Music","Liz Carroll"
"Music","Nommo"
"Music","Peter Conlon"
"Music","Compilations"
"Music","Laurence Nugent"
"Music","Christian Stevens"
"Music","Éamonn O'Riordan & Tony O'Connell"
"Andrew Kruspe","The Bodhrán Primer"
"Danny O' Mahony","In Retrospect"
"Charles Monod & Jack Talty","Tunes From Doolin"
"Breda & Claire Keville","Music From Galway"
"2025","2025"
"2025","The Leitrim Quickstep - Fergal's Tune a Day 1180"
"2025","Tullycrine-Cronin_s Hornpipe Set The Humours of Tullycrine (A Dorian)  Cronin_s Hornpipe (G)"
"Jacqueline McCarthy & Tommy Keane","The Wind Among the Reeds"
"Andrew Finn Magill, Alan Murray, and Ivan Goff","Unknown Album"
"Noel Hill","Live In New York"
"chris droney","2025"
"Tunes From Doolin - Charles Monod","Tunes From Doolin"
"Francis Droney","Unknown Album"
"Tap Room Trio","The Tap Room Trio"
"Will Allen","Unknown Album"
"The Queally Sisters","Beyond The Bellows and The Bow"
"Sauce Picante","Sauce Picante Live"
"Caoimhín Ó Raghallaigh","tv appearance"
"Caitlín","Caitlín"
"Ensemble Ériu","Imbas"
"Jacqueline McCarthy","The Hidden Note"
"Trio Jaconor","Musique traditionnelle du Québec"
"JB Samzun & Charles Monod","Aughavinna - Irish Traditional Music from Doolin, Co. Clare"
"John McCartin & Donal Lunny & Dylan Carlos & Cein Sweeney & George McAdam & John & Joe Kelly","Carlos Sweeney McCartin"
"Hugh Healy","Ceolaire"
"The McCarthys","The Family Album"
"Junior Stephens","lessons"
"Edel Fox & Neill Byrne","The Sunny Banks"
"Michael Darby","Unknown Album"
"Tony Mac Mahon, Noel Hill, Iarla O Lionaird","Music of Dreams"
"Tommy McCarthy","Sporting Nell"
"Seán O'Dwyer","Irish Trad Concertina from Beara"
"Eric Eid-Reiner","On a Meadowlark Night_ Dance Music from New England, Ireland, Scotland, Québec, and Cape Breton"
"Sean O'Dwyer","Unknown Album"
"Sean O'Dwyer","Beara 'Tina 2"
"Unknown Artist","Unknown Album"
"Unknown Artist","April 2025"
"Doolin","Unknown Album"
"Liam O'Brien","The Lane"
"The Press Gang","The Press Gang"
"Moving Cloud","_Welcome_ Who Are You__"
"Moving Cloud","Foxglove"
"Moving Cloud","Moving Cloud"
"Moving Cloud","Cuckanandy"
"Moving Cloud","Sweet Nyaa (Irish Traditional Music)"
"Diarmuid O Meachair","Siul Na Sli"
"Diarmuid O Meachair","Melodeon Medleys"
"The Elf-Tones","The Moon And Seven Stars"
"Mick, Louise And Michelle Mulcahy","Unknown Album"
"Mick, Louise And Michelle Mulcahy","The Reel Note"
"a - Tunes From Doolin","The Humours of Tullycrine (hornpipe) _ Irish Music Tunes"
"The Elftones","Elftones"
"Liz Carroll","Live"
"John Kimmel","Virtuoso Of The Irish Accordion"
"Damien Mullane","Evoke"
"Damien Mullane","13"
"April 2025","Unknown Album"
"April 2025","April 2025"
"Nommo","Set You Free"
"Nommo","I Won't Be Afraid Any More"
"Peter Conlon","The Genius Of Peter Conlon [Disc 1]"
"Peter Conlon","Peter Conlon"
"Andrew MacNamara","Dawn"
"Jackie Daly","Music from Sliabh Luachra"
"Mary mac Namara","Note for Note"
"Charlie Piggott","The Days That Are Gone"
"Compilations","If There Weren't Any Women In The World"
"Compilations","Sunday At Lena's"
"Compilations","march 2025"
"Compilations","As it happened"
"Compilations","Kitty Hayes Remembered"
"Compilations","Comb Your Hair and Curl It"
"Compilations","Tripping To The Well_ Six Clare Women & Mrs. O'Dwyer's Old German Concertina"
"Doireann Glackin & Sarah Flynn","The Housekeepers"
"Rowan Leslie","25 ZOOM 22"
"Rowan Leslie","25 ZOOM 21"
"Gillian Boucher","Unknown Album"
"Laurence Nugent","two for two"
"Laurence Nugent","White Island"
"Laurence Nugent","Laurence Nugent Traditional Irish Music on Flute and Tin-Whistle"
"Laurence Nugent","The Windy Gap"
"Ré","Ré"
"caitlin nic gabhann","intermediate download"
"caitlin nic gabhann","Live"
"caitlin nic gabhann","intermediate"
"Brighde Chaimbeul","Brighde & Aidan @ An Tobar"
"Automatically Add to Music.localized",".localized"
"Brenda Castles","Indeedin You Needn't Bother-Download"
"Brenda Castles","Live in Boston"
"Brenda Castles","Live"
"Brenda Castles","lessons"
"Brenda Castles","The Light Side of the Tune 2021 Download"
"Down From Bell Harbour","The Maid Behind the Bar"
"Down From Bell Harbour","The Bell Harbour Reel"
"Down From Bell Harbour","Cooley’s"
"Down From Bell Harbour","The Knights of Saint Patrick"
"Down From Bell Harbour","Traver’s"
"Down From Bell Harbour","The Congress Reel"
"Down From Bell Harbour","The Tinker’s Daughter"
"Down From Bell Harbour","The Parcel of Land"
"Down From Bell Harbour","The Clogher Rose"
"Down From Bell Harbour","Apples in Winter"
"Down From Bell Harbour","Katies Fancy"
"Down From Bell Harbour","The Reel of Mullinavat"
"Jackie Daly_Séamus Creagh","Geantraí (Live)"
"Marc Savoy","Marc Savoy Plays Cajun Accordion Back To The Basics Savoy Style"
"Jody Kruskal","Naked Concertina"
"Indianapolis Ceili Band - Topic","The New Broom _ Around the Fairy Fort _ If We Hadn't Any Women in the World (Barndances)"
"Fourwinds","Fourwinds"
"Laurie Hart & Greg Sandell","Danse ce soir! Traditional tunes of Québec"
"Mary MacNamara","The Blackberry Blossom"
"Mary MacNamara","Traditional Music from East Clare"
"Dympna O'Sullivan","Enriched. Saibhriú"
"mandolin dude","mandolin dude"
"Mícheál Ó Raghallaigh","Unknown Album"
"Mícheál Ó Raghallaigh","Live"
"Kate McNamara","Are you the concertina player_"
"Frankie Gavin & De Danann","Jigs, Reels & Rock n' Roll"
"Florence Fahy","Tunes From The Flaggy Shore -Traditional Irish Music On The Concertina From County Clare"
"Paul Young","Unknown Album"
"Concertina Players of County Clare","Keepers of Tradition"
"Éamonn O'Riordan & Tony O'Connell","Rooska Hill"
"Harry Bradley","The First of May"
"Liz Carroll & John Doyle","In Play"
"Liz Carroll & John Doyle","Double Play"
